<?xml version="1.0" encoding="UTF-8"?>
<!DOCTYPE mapper PUBLIC "-//mybatis.org//DTD Mapper 3.0//EN" "http://mybatis.org/dtd/mybatis-3-mapper.dtd">
<mapper namespace="com.std.mapper.MyPageMapper">
	

	
	<!-- p.338 :: sql 태그를 이용한 별도 보관 사용(include사용)  -->
  <sql id="criteria">
     <trim prefix="(" suffix=") AND " prefixOverrides="OR">
     	<foreach item='type' collection="typeArr">
     		<trim prefix="OR">
     			<choose>	<!-- if ~ else  -->
     				<when test="type == 'T'.toString()">
     					username like '%'||#{keyword}||'%'
     				</when>
     				<when test="type == 'C'.toString()">
     					phone like '%'||#{keyword}||'%'
     				</when>
     				<when test="type == 'R'.toString()">
     					email like '%'||#{keyword}||'%'
     				</when>
     			</choose>
     		</trim>
     	</foreach>
     </trim>
  </sql>
	
	
	<!-- 페이징처리 -->
	   <select id="getListWithPaging" resultType="com.std.domain.MemVO">
  <![CDATA[
    select 
    userid,memberno,username,password,email,phone,gender,regdate,updatedate,mileage,companynumber 
     from
     (
     select 
     /*+INDEX_DESC(userid) */ 
     rownum rn,userid,memberno,username,password,email,phone,gender,regdate,updatedate,mileage,companynumber 
      from 
      member
      where
  ]]>   
 <include refid="criteria"></include>
  <![CDATA[  
    rownum <= #{pageNum} * #{amount} 
    ) 
    where rn > (#{pageNum} -1)*#{amount}
  ]]>
  </select>
  <select id="getTotalCount" resultType="int">
		select count(*) from member
		
		<include refid="criteria"></include>
		
	</select>
  
  
    
  <!-- 쿠폰정보확인 -->
  <select id="getCoupon" resultType="com.std.domain.CouponVO">
  
    select * from coupon where userid = #{userid,jdbcType=VARCHAR}
     
  </select>


  <!-- 내가 쓴 댓글 확인 -->
  <select id="getwrote" resultType="com.std.domain.PlaceReplyVO">
  
    select * from placereply where replyer = #{userid,jdbcType=VARCHAR}
     
  </select>
  
  

	
	
	<!-- 회원 정보 가져오기 -->
	<select id="selectinfo" resultType="com.std.domain.MemVO" >
		select * from member where userid = #{userid}
	</select>
	
	<!-- 회원정보 삭제하기 -->
	<delete id="deleteinfo" >
		delete from member where userid = #{userid}
	</delete>
	
	<!-- 회원정보 수정하기 -->
	<update id="updateinfo" >
		update member set 
		password = #{password,jdbcType=VARCHAR},
		phone = #{phone,jdbcType=VARCHAR},
		updatedate = sysdate where userid = #{userid,jdbcType=VARCHAR}
		
	</update>
	
	<!-- 아이디 중복검사 -->
<select id="idCheck" resultType="int">
	select count(*) from member where userid = #{userid} 
</select>
	
	
	
	
	
	
	
	

</mapper>