<?xml version="1.0" encoding="UTF-8" ?>
<!DOCTYPE mapper
  PUBLIC "-//mybatis.org//DTD Mapper 3.0//EN"
  "http://mybatis.org/dtd/mybatis-3-mapper.dtd">
<mapper namespace="com.std.mapper.NoticeMapper">
			<sql id="criteria">
			<trim prefix="(" suffix=") AND" prefixOverrides="OR">
				<foreach item="type" collection="typeArr">
					<trim prefix="OR">
						<choose>
							<when test="type == 'T'.toString()">
								title like '%'||#{keyword}||'%'
							</when>
							<when test="type == 'C'.toString()">
								content like '%'||#{keyword}||'%'
							</when>
						</choose>
					</trim>
				</foreach>
			</trim>
		</sql>
	<select id="getListWithPaging"
		resultType="com.std.domain.NoticeVO">
		<![CDATA[
		select
		notNo,title,content,writer,regdate,updatedate 
		from
			(
			SELECT
				/*+INDEX_DESC(notice pk_notice)*/
				rownum rn,notNo,title,content,writer,regdate,updatedate 
			FROM 
				notice 

			WHERE
			]]>
			<include refid="criteria"></include>
			<![CDATA[
			 rownum <= #{pageNum}*#{amount}
			)
		WHERE rn > (#{pageNum}-1)*#{amount}
		]]>
	</select>
	<select id="getTotalCount" resultType="int">
		select count(*) from notice
		where
		<include refid="criteria"></include>
		notNo > 0
	</select>
	<select id="getlistNotice" resultType="com.std.domain.NoticeVO">
		<![CDATA[
		select * from notice where notNo > 0
		]]>
	</select>

	<insert id="insert">
		insert into notice(notNo,title,content,writer)
		values(seq_notice.nextval,#{title},#{content},#{writer})
	</insert>

	<insert id="insertSelectKey">
		<selectKey keyProperty="notNo" order="BEFORE"
			resultType="long">
			select seq_notice.nextval from dual
		</selectKey>
		insert into notice(notNo,title,content,writer,regdate,updatedate)
		values(#{notNo},#{title},#{content},#{writer},sysdate,sysdate)
	</insert>

	<select id="read" resultType="com.std.domain.NoticeVO">
		select * from notice where notNo =
		#{notNo}

	</select>

	<delete id="delete">
		delete from notice where notNo = #{notNo}
	</delete>

	<update id="update">
		update notice
		set title = #{title},
		content =
		#{content},
		writer = #{writer},
		updateDate =sysdate
		where notNo = #{notNo}
	</update>
</mapper>