<?xml version="1.0" encoding="UTF-8" ?>
<!DOCTYPE mapper
  PUBLIC "-//mybatis.org//DTD Mapper 3.0//EN"
  "http://mybatis.org/dtd/mybatis-3-mapper.dtd">
<mapper namespace="com.std.mapper.CouponAttachMapper">
  
	<insert id="insert">
		insert into attach (uuid, uploadPath, fileName, fileType, couponNumber)
		values(#{uuid}, #{uploadPath}, #{fileName}, #{fileType}, #{couponNumber})
	</insert>  
	
	<delete id="delete">
		delete from attach where uuid = #{uuid}
	</delete>
  
  	<select id="findByCouponNumber" resultType="com.std.domain.CouponAttachVO">
  		select * from attach where couponNumber = #{couponNumber}
  	</select>
  	
  	<delete id="deleteAll">
  		delete attach where couponNumber = #{couponNumber}
  	</delete>
  
</mapper>