<?xml version="1.0" encoding="UTF-8" ?>
<!DOCTYPE mapper
  PUBLIC "-//mybatis.org//DTD Mapper 3.0//EN"
  "http://mybatis.org/dtd/mybatis-3-mapper.dtd">
<mapper namespace="com.std.mapper.QaReplyMapper">

<insert id="insert">
 		insert into QuestionAndAnswer_reply (rno,questionNo,reply,replyer) values (seq_reply.nextval, #{questionNo},#{reply}, #{replyer})
 	</insert>
 	
 	<select id ="read" resultType="com.std.domain.QaReplyVO">
 		select * from QuestionAndAnswer_reply where rno =#{rno}
 	</select>
 	
 	<delete id ="delete">
 		delete from QuestionAndAnswer_reply where rno =#{rno}
 	</delete>
 	
 	<update id="update">
 		update QuestionAndAnswer_reply set reply = #{reply}, updateDate = sysdate where rno =#{rno}
 	</update>
 	
 	<select id ="getListWithPaging" resultType="com.std.domain.QaReplyVO">
 		<![CDATA[
 			select rno,questionNo,reply,replyer,replyDate,updateDate from (select /*+INDEX(QuestionAndAnswer_reply idx_reply) */ rownum rn, rno, questionNo, reply, replyer, replyDate, updateDate from QuestionAndAnswer_reply 
 			 where questionNo = #{questionNo} and rno > 0 and rownum <= #{cri.pageNum} * #{cri.amount}) where rn > (#{cri.pageNum} -1) * #{cri.amount}
 		]]>
 	</select>
 	
 	<select id="getCountByquestionNo" resultType="int">
 		<![CDATA[
			select count(rno) from QuestionAndAnswer_reply where questionNo = #{questionNo} 		
 		]]>
 	</select>

</mapper>