<?xml version="1.0" encoding="UTF-8"?>
<!DOCTYPE mapper
PUBLIC "-//mybatis.org//DTD Mapper 3.0//EN"
"http://mybatis.org/dtd/mybatis-3-mapper.dtd">
  
 <mapper namespace="com.std.mapper.PlaceReMapper">

	<insert id="insert">
		insert into placereply (score, rno, reply, replyer, bno)
		values (#{score}, seq_placere.nextval, #{reply}, #{replyer}, #{bno})
	</insert>

	<select id="read" resultType="com.std.domain.PlaceReVO">
		select * from placereply where rno = #{rno}
	</select>

	<delete id="delete">
		delete from placereply where rno = #{rno}
	</delete>

	<update id="update">
		update placereply set score = #{score}, reply = #{reply}, updatedate = sysdate where rno = #{rno}
	</update>

	<select id="getListWithPaging" resultType="com.std.domain.PlaceReVO">
	<![CDATA[
		select score, rno, bno, reply, replyer, replyDate, updatedate
		from
		(
			select /*+INDEX(placereply idx_placere) */
				rownum rn, score, rno, bno, reply, replyer, replydate, updatedate
			from placereply
			where bno = #{bno}
			and rno>0
			and rownum <= #{cri.pageNum} * #{cri.amount}
		) where rn>(#{cri.pageNum}-1) * #{cri.amount}
	]]>
	</select>

	<select id="getCountByBno" resultType="int">
	<![CDATA[
		select count(rno) from placereply where bno = #{bno}
	]]>
	</select>
	
	<select id="getScore" resultType="String">
	<![CDATA[
		select score from placereply where bno = #{bno}
	]]>
	</select>
	
	<select id="getReplyPerDay" resultType="int">
	<![CDATA[
	select count(rno) from placereply where replyer=#{replyer} and (replydate>sysdate-1 and replydate<sysdate+1)
	]]>
	</select>
	
	<update id="writeReview">
		update member set mileage = mileage+50 where userid = (select replyer from placereply where replyer=#{replyer})
	</update>
	
	<update id="deleteReview">
		update member set mileage = mileage-50 where userid = (select replyer from placereply where replyer=#{replyer})
	</update>
 </mapper>