<?xml version="1.0" encoding="UTF-8"?>
<!DOCTYPE mapper
PUBLIC "-//mybatis.org//DTD Mapper 3.0//EN"
"http://mybatis.org/dtd/mybatis-3-mapper.dtd">
  
 <mapper namespace="com.std.mapper.PlacePhotoMapper">
 
	<insert id="insert">
		insert into placephoto (uuid, uploadpath, filename, filetype, bno) 
		values (#{uuid}, #{uploadPath}, #{fileName}, #{fileType}, seq_place.currval)
	</insert>
	
	<insert id="insertP">
		insert into placephoto (uuid, uploadpath, filename, filetype, bno) 
		values (#{uuid}, #{uploadPath}, #{fileName}, #{fileType}, #{bno})
	</insert>
	
	<delete id="delete">
  		delete from placephoto where uuid = #{uuid}
	</delete>

	<select id="findByBno" resultType="com.std.domain.PlacePhotoVO">
  		select * from placephoto where bno = #{bno}
	</select>
  
	<delete id="deleteAll">
  		delete from placephoto where bno = #{bno}
	</delete>
	
 </mapper>