<?xml version="1.0" encoding="UTF-8"?>
<beans xmlns="http://www.springframework.org/schema/beans"
	xmlns:xsi="http://www.w3.org/2001/XMLSchema-instance"
	xmlns:tx="http://www.springframework.org/schema/tx"
	xmlns:aop="http://www.springframework.org/schema/aop"
	xmlns:mybatis-spring="http://mybatis.org/schema/mybatis-spring"
	xmlns:context="http://www.springframework.org/schema/context"
	xmlns:task="http://www.springframework.org/schema/task"
	xsi:schemaLocation="http://mybatis.org/schema/mybatis-spring http://mybatis.org/schema/mybatis-spring-1.2.xsd
		http://www.springframework.org/schema/task http://www.springframework.org/schema/task/spring-task-4.3.xsd
		http://www.springframework.org/schema/beans http://www.springframework.org/schema/beans/spring-beans-4.3.xsd
		http://www.springframework.org/schema/context http://www.springframework.org/schema/context/spring-context-4.3.xsd
		http://www.springframework.org/schema/aop http://www.springframework.org/schema/aop/spring-aop-4.3.xsd

		http://www.springframework.org/schema/tx http://www.springframework.org/schema/tx/spring-tx-4.3.xsd">
	
	<!-- 596 -->
	<task:annotation-driven/>
	
	<context:component-scan base-package="com.std.service"></context:component-scan>
	
	<!-- 598 -->
	<context:component-scan base-package="com.std.task"></context:component-scan>
	
	<!-- 455 -->
	<context:component-scan base-package="com.std.aop"></context:component-scan>
	
	<aop:aspectj-autoproxy></aop:aspectj-autoproxy>
	
	<!-- 469 -->
	<tx:annotation-driven/>
	
	<mybatis-spring:scan base-package="com.std.mapper"/>
		
	<bean id="hikariConfig" class="com.zaxxer.hikari.HikariConfig">
		
		<!-- <property name="driverClassName" value="oracle.jdbc.driver.OracleDriver"></property> -->
		<property name="driverClassName" value="net.sf.log4jdbc.sql.jdbcapi.DriverSpy"></property>
		<!-- <property name="jdbcUrl" value="jdbc:oracle:thin:@localhost:1521:orcl"></property> -->
		<property name="jdbcUrl" value="jdbc:log4jdbc:oracle:thin:@localhost:1521:orcl"></property>
		<property name="username" value="studyroom"></property>
		<property name="password" value="studyroom"></property>
	</bean>
	
	 <bean id="dataSource" class="com.zaxxer.hikari.HikariDataSource" destroy-method="close">
        <constructor-arg ref="hikariConfig"/>
     </bean>
     
 <!-- 91p -->
     <bean id="sqlSessionFactory" class="org.mybatis.spring.SqlSessionFactoryBean">
        <property name="dataSource" ref="dataSource"></property>
     </bean>
	
<!-- 469 -->
	<bean id="transactionManager" class="org.springframework.jdbc.datasource.DataSourceTransactionManager">
		<property name="dataSource" ref="dataSource"></property>
	</bean>
	
	<bean id="messageSource" class="org.springframework.context.support.ReloadableResourceBundleMessageSource">
        <property name="basenames">
            <list>
                <value>/WEB-INF/spring/error_message</value>
            </list>
        </property>
        <property name="defaultEncoding" value="UTF-8"/>
        <property name="cacheSeconds" value="5"/>
    </bean>
    
    <!-- navermail설정 -->
    <bean id="mailSender" class="org.springframework.mail.javamail.JavaMailSenderImpl"> 
     <property name="host" value="smtp.naver.com"/> <!-- 메일서버 호스트 -->
     <property name="port" value="465"/> <!-- 메일서버 포트번호 -->
    <property name="username" value=""/> <!-- 자신의 이메일 아이디 -->
     <property name="password" value=""/> <!-- 자신의 비밀번호 -->
       <!-- 보안연결 SSL과 관련된 설정 -->
     <property name="javaMailProperties">
      <props>
      <prop key="mail.smtp.auth">true</prop>
      <prop key="mail.smtp.starttls.enable">true</prop>
      <prop key="mail.smtps.checkserveridentity">true</prop>
      <prop key="mail.smtps.ssl.trust">*</prop>
      <prop key="mail.debug">true</prop>
      <prop key="mail.smtp.socketFactory.class">javax.net.ssl.SSLSocketFactory</prop>
      </props>
     </property>
    </bean>
	
	
</beans>